"PassengerId","Survived","Pclass","Sex","Age","Fare","Embarked","familySize","Cabintype"
"1","0",3,"0",22,7,"0","2","9"
"2","1",1,"1",38,71,"1","2","3"
"3","1",3,"1",26,7,"0","1","9"
"4","1",1,"1",35,53,"0","2","3"
"5","0",3,"0",35,8,"0","1","9"
"6","0",3,"0",24,8,"2","1","9"
"7","0",1,"0",54,51,"0","1","5"
"8","0",3,"0",2,21,"0","5","9"
"9","1",3,"1",27,11,"0","3","9"
"10","1",2,"1",14,30,"1","2","9"
"11","1",3,"1",4,16,"0","3","7"
"12","1",1,"1",58,26,"0","1","3"
"13","0",3,"0",20,8,"0","1","9"
"14","0",3,"0",39,31,"0","7","9"
"15","0",3,"1",14,7,"0","1","9"
"16","1",2,"1",55,16,"0","1","9"
"17","0",3,"0",2,29,"2","6","9"
"18","1",2,"0",29,13,"0","1","9"
"19","0",3,"1",31,18,"0","2","9"
"20","1",3,"1",24,7,"1","1","9"
"21","0",2,"0",35,26,"0","1","9"
"22","1",2,"0",34,13,"0","1","4"
"23","1",3,"1",15,8,"2","1","9"
"24","1",1,"0",28,35,"0","1","1"
"25","0",3,"1",8,21,"0","5","9"
"26","1",3,"1",38,31,"0","7","9"
"27","0",3,"0",24,7,"1","1","9"
"28","0",1,"0",19,263,"0","6","3"
"29","1",3,"1",24,7,"2","1","9"
"30","0",3,"0",24,7,"0","1","9"
"31","0",1,"0",40,27,"1","1","9"
"32","1",1,"1",37,146,"1","2","2"
"33","1",3,"1",24,7,"2","1","9"
"34","0",2,"0",66,10,"0","1","9"
"35","0",1,"0",28,82,"1","2","9"
"36","0",1,"0",42,52,"0","2","9"
"37","1",3,"0",24,7,"1","1","9"
"38","0",3,"0",21,8,"0","1","9"
"39","0",3,"1",18,18,"0","3","9"
"40","1",3,"1",14,11,"1","2","9"
"41","0",3,"1",40,9,"0","2","9"
"42","0",2,"1",27,21,"0","2","9"
"43","0",3,"0",24,7,"1","1","9"
"44","1",2,"1",3,41,"1","4","9"
"45","1",3,"1",19,7,"2","1","9"
"46","0",3,"0",24,8,"0","1","9"
"47","0",3,"0",24,15,"2","2","9"
"48","1",3,"1",24,7,"2","1","9"
"49","0",3,"0",24,21,"1","3","9"
"50","0",3,"1",18,17,"0","2","9"
"51","0",3,"0",7,39,"0","6","9"
"52","0",3,"0",21,7,"0","1","9"
"53","1",1,"1",49,76,"1","2","4"
"54","1",2,"1",29,26,"0","2","9"
"55","0",1,"0",65,61,"1","2","2"
"56","1",1,"0",37,35,"0","1","3"
"57","1",2,"1",21,10,"0","1","9"
"58","0",3,"0",28,7,"1","1","9"
"59","1",2,"1",5,27,"0","4","9"
"60","0",3,"0",11,46,"0","8","9"
"61","0",3,"0",22,7,"1","1","9"
"62","1",1,"1",38,80,"0","1","2"
"63","0",1,"0",45,83,"0","2","3"
"64","0",3,"0",4,27,"0","6","9"
"65","0",1,"0",37,27,"1","1","9"
"66","1",3,"0",24,15,"1","3","9"
"67","1",2,"1",29,10,"0","1","6"
"68","0",3,"0",19,8,"0","1","9"
"69","1",3,"1",17,7,"0","7","9"
"70","0",3,"0",26,8,"0","3","9"
"71","0",2,"0",32,10,"0","1","9"
"72","0",3,"1",16,46,"0","8","9"
"73","0",2,"0",21,73,"0","1","9"
"74","0",3,"0",26,14,"1","2","9"
"75","1",3,"0",32,56,"0","1","9"
"76","0",3,"0",25,7,"0","1","6"
"77","0",3,"0",24,7,"0","1","9"
"78","0",3,"0",24,8,"0","1","9"
"79","1",2,"0",0,29,"0","3","9"
"80","1",3,"1",30,12,"0","1","9"
"81","0",3,"0",22,9,"0","1","9"
"82","1",3,"0",29,9,"0","1","9"
"83","1",3,"1",24,7,"2","1","9"
"84","0",1,"0",28,47,"0","1","9"
"85","1",2,"1",17,10,"0","1","9"
"86","1",3,"1",33,15,"0","4","9"
"87","0",3,"0",16,34,"0","5","9"
"88","0",3,"0",24,8,"0","1","9"
"89","1",1,"1",23,263,"0","6","3"
"90","0",3,"0",24,8,"0","1","9"
"91","0",3,"0",29,8,"0","1","9"
"92","0",3,"0",20,7,"0","1","9"
"93","0",1,"0",46,61,"0","2","5"
"94","0",3,"0",26,20,"0","4","9"
"95","0",3,"0",59,7,"0","1","9"
"96","0",3,"0",24,8,"0","1","9"
"97","0",1,"0",71,34,"1","1","1"
"98","1",1,"0",23,63,"1","2","4"
"99","1",2,"1",34,23,"0","2","9"
"100","0",2,"0",34,26,"0","2","9"
"101","0",3,"1",28,7,"0","1","9"
"102","0",3,"0",24,7,"0","1","9"
"103","0",1,"0",21,77,"0","2","4"
"104","0",3,"0",33,8,"0","1","9"
"105","0",3,"0",37,7,"0","3","9"
"106","0",3,"0",28,7,"0","1","9"
"107","1",3,"1",21,7,"0","1","9"
"108","1",3,"0",24,7,"0","1","9"
"109","0",3,"0",38,7,"0","1","9"
"110","1",3,"1",24,24,"2","2","9"
"111","0",1,"0",47,52,"0","1","3"
"112","0",3,"1",14,14,"1","2","9"
"113","0",3,"0",22,8,"0","1","9"
"114","0",3,"1",20,9,"0","2","9"
"115","0",3,"1",17,14,"1","1","9"
"116","0",3,"0",21,7,"0","1","9"
"117","0",3,"0",70,7,"2","1","9"
"118","0",2,"0",29,21,"0","2","9"
"119","0",1,"0",24,247,"1","2","2"
"120","0",3,"1",2,31,"0","7","9"
"121","0",2,"0",21,73,"0","3","9"
"122","0",3,"0",24,8,"0","1","9"
"123","0",2,"0",32,30,"1","2","9"
"124","1",2,"1",32,13,"0","1","5"
"125","0",1,"0",54,77,"0","2","4"
"126","1",3,"0",12,11,"1","2","9"
"127","0",3,"0",24,7,"2","1","9"
"128","1",3,"0",24,7,"0","1","9"
"129","1",3,"1",24,22,"1","3","6"
"130","0",3,"0",45,6,"0","1","9"
"131","0",3,"0",33,7,"1","1","9"
"132","0",3,"0",20,7,"0","1","9"
"133","0",3,"1",47,14,"0","2","9"
"134","1",2,"1",29,26,"0","2","9"
"135","0",2,"0",25,13,"0","1","9"
"136","0",2,"0",23,15,"1","1","9"
"137","1",1,"1",19,26,"0","3","4"
"138","0",1,"0",37,53,"0","2","3"
"139","0",3,"0",16,9,"0","1","9"
"140","0",1,"0",24,79,"1","1","2"
"141","0",3,"1",24,15,"1","3","9"
"142","1",3,"1",22,7,"0","1","9"
"143","1",3,"1",24,15,"0","2","9"
"144","0",3,"0",19,6,"2","1","9"
"145","0",2,"0",18,11,"0","1","9"
"146","0",2,"0",19,36,"0","3","9"
"147","1",3,"0",27,7,"0","1","9"
"148","0",3,"1",9,34,"0","5","9"
"149","0",2,"0",36,26,"0","3","6"
"150","0",2,"0",42,13,"0","1","9"
"151","0",2,"0",51,12,"0","1","9"
"152","1",1,"1",22,66,"0","2","3"
"153","0",3,"0",55,8,"0","1","9"
"154","0",3,"0",40,14,"0","3","9"
"155","0",3,"0",24,7,"0","1","9"
"156","0",1,"0",51,61,"1","2","9"
"157","1",3,"1",16,7,"2","1","9"
"158","0",3,"0",30,8,"0","1","9"
"159","0",3,"0",24,8,"0","1","9"
"160","0",3,"0",24,69,"0","11","9"
"161","0",3,"0",44,16,"0","2","9"
"162","1",2,"1",40,15,"0","1","9"
"163","0",3,"0",26,7,"0","1","9"
"164","0",3,"0",17,8,"0","1","9"
"165","0",3,"0",1,39,"0","6","9"
"166","1",3,"0",9,20,"0","3","9"
"167","1",1,"1",37,55,"0","2","5"
"168","0",3,"1",45,27,"0","6","9"
"169","0",1,"0",37,25,"0","1","9"
"170","0",3,"0",28,56,"0","1","9"
"171","0",1,"0",61,33,"0","1","2"
"172","0",3,"0",4,29,"2","6","9"
"173","1",3,"1",1,11,"0","3","9"
"174","0",3,"0",21,7,"0","1","9"
"175","0",1,"0",56,30,"1","1","1"
"176","0",3,"0",18,7,"0","3","9"
"177","0",3,"0",24,25,"0","5","9"
"178","0",1,"1",50,28,"1","1","3"
"179","0",2,"0",30,13,"0","1","9"
"180","0",3,"0",36,0,"0","1","9"
"181","0",3,"1",24,69,"0","11","9"
"182","0",2,"0",29,15,"1","1","9"
"183","0",3,"0",9,31,"0","7","9"
"184","1",2,"0",1,39,"0","4","6"
"185","1",3,"1",4,22,"0","3","9"
"186","0",1,"0",37,50,"0","1","1"
"187","1",3,"1",24,15,"2","2","9"
"188","1",1,"0",45,26,"0","1","9"
"189","0",3,"0",40,15,"2","3","9"
"190","0",3,"0",36,7,"0","1","9"
"191","1",2,"1",32,13,"0","1","9"
"192","0",2,"0",19,13,"0","1","9"
"193","1",3,"1",19,7,"0","2","9"
"194","1",2,"0",3,26,"0","3","6"
"195","1",1,"1",44,27,"1","1","2"
"196","1",1,"1",58,146,"1","1","2"
"197","0",3,"0",24,7,"2","1","9"
"198","0",3,"0",42,8,"0","2","9"
"199","1",3,"1",24,7,"2","1","9"
"200","0",2,"1",24,13,"0","1","9"
"201","0",3,"0",28,9,"0","1","9"
"202","0",3,"0",24,69,"0","11","9"
"203","0",3,"0",34,6,"0","1","9"
"204","0",3,"0",45,7,"1","1","9"
"205","1",3,"0",18,8,"0","1","9"
"206","0",3,"1",2,10,"0","2","7"
"207","0",3,"0",32,15,"0","2","9"
"208","1",3,"0",26,18,"1","1","9"
"209","1",3,"1",16,7,"2","1","9"
"210","1",1,"0",40,31,"1","1","1"
"211","0",3,"0",24,7,"0","1","9"
"212","1",2,"1",35,21,"0","1","9"
"213","0",3,"0",22,7,"0","1","9"
"214","0",2,"0",30,13,"0","1","9"
"215","0",3,"0",24,7,"2","2","9"
"216","1",1,"1",31,113,"1","2","4"
"217","1",3,"1",27,7,"0","1","9"
"218","0",2,"0",42,27,"0","2","9"
"219","1",1,"1",32,76,"1","1","4"
"220","0",2,"0",30,10,"0","1","9"
"221","1",3,"0",16,8,"0","1","9"
"222","0",2,"0",27,13,"0","1","9"
"223","0",3,"0",51,8,"0","1","9"
"224","0",3,"0",24,7,"0","1","9"
"225","1",1,"0",38,90,"0","2","3"
"226","0",3,"0",22,9,"0","1","9"
"227","1",2,"0",19,10,"0","1","9"
"228","0",3,"0",20,7,"0","1","9"
"229","0",2,"0",18,13,"0","1","9"
"230","0",3,"1",24,25,"0","5","9"
"231","1",1,"1",35,83,"0","2","3"
"232","0",3,"0",29,7,"0","1","9"
"233","0",2,"0",59,13,"0","1","9"
"234","1",3,"1",5,31,"0","7","9"
"235","0",2,"0",24,10,"0","1","9"
"236","0",3,"1",24,7,"0","1","9"
"237","0",2,"0",44,26,"0","2","9"
"238","1",2,"1",8,26,"0","3","9"
"239","0",2,"0",19,10,"0","1","9"
"240","0",2,"0",33,12,"0","1","9"
"241","0",3,"1",24,14,"1","2","9"
"242","1",3,"1",24,15,"2","2","9"
"243","0",2,"0",29,10,"0","1","9"
"244","0",3,"0",22,7,"0","1","9"
"245","0",3,"0",30,7,"1","1","9"
"246","0",1,"0",44,90,"2","3","3"
"247","0",3,"1",25,7,"0","1","9"
"248","1",2,"1",24,14,"0","3","9"
"249","1",1,"0",37,52,"0","3","4"
"250","0",2,"0",54,26,"0","2","9"
"251","0",3,"0",24,7,"0","1","9"
"252","0",3,"1",29,10,"0","3","7"
"253","0",1,"0",62,26,"0","1","3"
"254","0",3,"0",30,16,"0","2","9"
"255","0",3,"1",41,20,"0","3","9"
"256","1",3,"1",29,15,"1","3","9"
"257","1",1,"1",37,79,"1","1","9"
"258","1",1,"1",30,86,"0","1","2"
"259","1",1,"1",35,512,"1","1","9"
"260","1",2,"1",50,26,"0","2","9"
"261","0",3,"0",24,7,"2","1","9"
"262","1",3,"0",3,31,"0","7","9"
"263","0",1,"0",52,79,"0","3","5"
"264","0",1,"0",40,0,"0","1","2"
"265","0",3,"1",24,7,"2","1","9"
"266","0",2,"0",36,10,"0","1","9"
"267","0",3,"0",16,39,"0","6","9"
"268","1",3,"0",25,7,"0","2","9"
"269","1",1,"1",58,153,"0","2","3"
"270","1",1,"1",35,135,"0","1","3"
"271","0",1,"0",37,31,"0","1","9"
"272","1",3,"0",25,0,"0","1","9"
"273","1",2,"1",41,19,"0","2","9"
"274","0",1,"0",37,29,"1","2","3"
"275","1",3,"1",24,7,"2","1","9"
"276","1",1,"1",63,77,"0","2","4"
"277","0",3,"1",45,7,"0","1","9"
"278","0",2,"0",29,0,"0","1","9"
"279","0",3,"0",7,29,"2","6","9"
"280","1",3,"1",35,20,"0","3","9"
"281","0",3,"0",65,7,"2","1","9"
"282","0",3,"0",28,7,"0","1","9"
"283","0",3,"0",16,9,"0","1","9"
"284","1",3,"0",19,8,"0","1","9"
"285","0",1,"0",37,26,"0","1","1"
"286","0",3,"0",33,8,"1","1","9"
"287","1",3,"0",30,9,"0","1","9"
"288","0",3,"0",22,7,"0","1","9"
"289","1",2,"0",42,13,"0","1","9"
"290","1",3,"1",22,7,"2","1","9"
"291","1",1,"1",26,78,"0","1","9"
"292","1",1,"1",19,91,"1","2","2"
"293","0",2,"0",36,12,"1","1","4"
"294","0",3,"1",24,8,"0","1","9"
"295","0",3,"0",24,7,"0","1","9"
"296","0",1,"0",37,27,"1","1","9"
"297","0",3,"0",23,7,"1","1","9"
"298","0",1,"1",2,151,"0","4","3"
"299","1",1,"0",37,30,"0","1","3"
"300","1",1,"1",50,247,"1","2","2"
"301","1",3,"1",24,7,"2","1","9"
"302","1",3,"0",24,23,"2","3","9"
"303","0",3,"0",19,0,"0","1","9"
"304","1",2,"1",29,12,"2","1","5"
"305","0",3,"0",24,8,"0","1","9"
"306","1",1,"0",0,151,"0","4","3"
"307","1",1,"1",37,110,"1","1","9"
"308","1",1,"1",17,108,"1","2","3"
"309","0",2,"0",30,24,"1","2","9"
"310","1",1,"1",30,56,"1","1","5"
"311","1",1,"1",24,83,"1","1","3"
"312","1",1,"1",18,262,"1","5","2"
"313","0",2,"1",26,26,"0","3","9"
"314","0",3,"0",28,7,"0","1","9"
"315","0",2,"0",43,26,"0","3","9"
"316","1",3,"1",26,7,"0","1","9"
"317","1",2,"1",24,26,"0","2","9"
"318","0",2,"0",54,14,"0","1","9"
"319","1",1,"1",31,164,"0","3","3"
"320","1",1,"1",40,134,"1","3","5"
"321","0",3,"0",22,7,"0","1","9"
"322","0",3,"0",27,7,"0","1","9"
"323","1",2,"1",30,12,"2","1","9"
"324","1",2,"1",22,29,"0","3","9"
"325","0",3,"0",24,69,"0","11","9"
"326","1",1,"1",36,135,"1","1","3"
"327","0",3,"0",61,6,"0","1","9"
"328","1",2,"1",36,13,"0","1","4"
"329","1",3,"1",31,20,"0","3","9"
"330","1",1,"1",16,57,"1","2","2"
"331","1",3,"1",24,23,"2","3","9"
"332","0",1,"0",45,28,"0","1","3"
"333","0",1,"0",38,153,"0","2","3"
"334","0",3,"0",16,18,"0","3","9"
"335","1",1,"1",37,133,"0","2","9"
"336","0",3,"0",24,7,"0","1","9"
"337","0",1,"0",29,66,"0","2","3"
"338","1",1,"1",41,134,"1","1","5"
"339","1",3,"0",45,8,"0","1","9"
"340","0",1,"0",45,35,"0","1","8"
"341","1",2,"0",2,26,"0","3","6"
"342","1",1,"1",24,263,"0","6","3"
"343","0",2,"0",28,13,"0","1","9"
"344","0",2,"0",25,13,"0","1","9"
"345","0",2,"0",36,13,"0","1","9"
"346","1",2,"1",24,13,"0","1","6"
"347","1",2,"1",40,13,"0","1","9"
"348","1",3,"1",24,16,"0","2","9"
"349","1",3,"0",3,15,"0","3","9"
"350","0",3,"0",42,8,"0","1","9"
"351","0",3,"0",23,9,"0","1","9"
"352","0",1,"0",37,35,"0","1","3"
"353","0",3,"0",15,7,"1","3","9"
"354","0",3,"0",25,17,"0","2","9"
"355","0",3,"0",24,7,"1","1","9"
"356","0",3,"0",28,9,"0","1","9"
"357","1",1,"1",22,55,"0","2","5"
"358","0",2,"1",38,13,"0","1","9"
"359","1",3,"1",24,7,"2","1","9"
"360","1",3,"1",24,7,"2","1","9"
"361","0",3,"0",40,27,"0","6","9"
"362","0",2,"0",29,27,"1","2","9"
"363","0",3,"1",45,14,"1","2","9"
"364","0",3,"0",35,7,"0","1","9"
"365","0",3,"0",24,15,"2","2","9"
"366","0",3,"0",30,7,"0","1","9"
"367","1",1,"1",60,75,"1","2","4"
"368","1",3,"1",24,7,"1","1","9"
"369","1",3,"1",24,7,"2","1","9"
"370","1",1,"1",24,69,"1","1","2"
"371","1",1,"0",25,55,"1","2","5"
"372","0",3,"0",18,6,"0","2","9"
"373","0",3,"0",19,8,"0","1","9"
"374","0",1,"0",22,135,"1","1","9"
"375","0",3,"1",3,21,"0","5","9"
"376","1",1,"1",37,82,"1","2","9"
"377","1",3,"1",22,7,"0","1","9"
"378","0",1,"0",27,211,"1","3","3"
"379","0",3,"0",20,4,"1","1","9"
"380","0",3,"0",19,7,"0","1","9"
"381","1",1,"1",42,227,"1","1","9"
"382","1",3,"1",1,15,"1","3","9"
"383","0",3,"0",32,7,"0","1","9"
"384","1",1,"1",35,52,"0","2","9"
"385","0",3,"0",24,7,"0","1","9"
"386","0",2,"0",18,73,"0","1","9"
"387","0",3,"0",1,46,"0","8","9"
"388","1",2,"1",36,13,"0","1","9"
"389","0",3,"0",24,7,"2","1","9"
"390","1",2,"1",17,12,"1","1","9"
"391","1",1,"0",36,120,"0","4","2"
"392","1",3,"0",21,7,"0","1","9"
"393","0",3,"0",28,7,"0","3","9"
"394","1",1,"1",23,113,"1","2","4"
"395","1",3,"1",24,16,"0","3","7"
"396","0",3,"0",22,7,"0","1","9"
"397","0",3,"1",31,7,"0","1","9"
"398","0",2,"0",46,26,"0","1","9"
"399","0",2,"0",23,10,"0","1","9"
"400","1",2,"1",28,12,"0","1","9"
"401","1",3,"0",39,7,"0","1","9"
"402","0",3,"0",26,8,"0","1","9"
"403","0",3,"1",21,9,"0","2","9"
"404","0",3,"0",28,15,"0","2","9"
"405","0",3,"1",20,8,"0","1","9"
"406","0",2,"0",34,21,"0","2","9"
"407","0",3,"0",51,7,"0","1","9"
"408","1",2,"0",3,18,"0","3","9"
"409","0",3,"0",21,7,"0","1","9"
"410","0",3,"1",24,25,"0","5","9"
"411","0",3,"0",24,7,"0","1","9"
"412","0",3,"0",24,6,"2","1","9"
"413","1",1,"1",33,90,"2","2","3"
"414","0",2,"0",29,0,"0","1","9"
"415","1",3,"0",44,7,"0","1","9"
"416","0",3,"1",24,8,"0","1","9"
"417","1",2,"1",34,32,"0","3","9"
"418","1",2,"1",18,13,"0","3","9"
"419","0",2,"0",30,13,"0","1","9"
"420","0",3,"1",10,24,"0","3","9"
"421","0",3,"0",24,7,"1","1","9"
"422","0",3,"0",21,7,"2","1","9"
"423","0",3,"0",29,7,"0","1","9"
"424","0",3,"1",28,14,"0","3","9"
"425","0",3,"0",18,20,"0","3","9"
"426","0",3,"0",24,7,"0","1","9"
"427","1",2,"1",28,26,"0","2","9"
"428","1",2,"1",19,26,"0","1","9"
"429","0",3,"0",24,7,"2","1","9"
"430","1",3,"0",32,8,"0","1","5"
"431","1",1,"0",28,26,"0","1","3"
"432","1",3,"1",24,16,"0","2","9"
"433","1",2,"1",42,26,"0","2","9"
"434","0",3,"0",17,7,"0","1","9"
"435","0",1,"0",50,55,"0","2","5"
"436","1",1,"1",14,120,"0","4","2"
"437","0",3,"1",21,34,"0","5","9"
"438","1",2,"1",24,18,"0","6","9"
"439","0",1,"0",64,263,"0","6","3"
"440","0",2,"0",31,10,"0","1","9"
"441","1",2,"1",45,26,"0","3","9"
"442","0",3,"0",20,9,"0","1","9"
"443","0",3,"0",25,7,"0","2","9"
"444","1",2,"1",28,13,"0","1","9"
"445","1",3,"0",24,8,"0","1","9"
"446","1",1,"0",4,81,"0","3","1"
"447","1",2,"1",13,19,"0","2","9"
"448","1",1,"0",34,26,"0","1","9"
"449","1",3,"1",5,19,"1","4","9"
"450","1",1,"0",52,30,"0","1","3"
"451","0",2,"0",36,27,"0","4","9"
"452","0",3,"0",24,19,"0","2","9"
"453","0",1,"0",30,27,"1","1","3"
"454","1",1,"0",49,89,"1","2","3"
"455","0",3,"0",24,8,"0","1","9"
"456","1",3,"0",29,7,"1","1","9"
"457","0",1,"0",65,26,"0","1","5"
"458","1",1,"1",37,51,"0","2","4"
"459","1",2,"1",50,10,"0","1","9"
"460","0",3,"0",24,7,"2","1","9"
"461","1",1,"0",48,26,"0","1","5"
"462","0",3,"0",34,8,"0","1","9"
"463","0",1,"0",47,38,"0","1","5"
"464","0",2,"0",48,13,"0","1","9"
"465","0",3,"0",24,8,"0","1","9"
"466","0",3,"0",38,7,"0","1","9"
"467","0",2,"0",29,0,"0","1","9"
"468","0",1,"0",56,26,"0","1","9"
"469","0",3,"0",24,7,"2","1","9"
"470","1",3,"1",0,19,"1","4","9"
"471","0",3,"0",24,7,"0","1","9"
"472","0",3,"0",38,8,"0","1","9"
"473","1",2,"1",33,27,"0","4","9"
"474","1",2,"1",23,13,"1","1","4"
"475","0",3,"1",22,9,"0","1","9"
"476","0",1,"0",37,52,"0","1","1"
"477","0",2,"0",34,21,"0","2","9"
"478","0",3,"0",29,7,"0","2","9"
"479","0",3,"0",22,7,"0","1","9"
"480","1",3,"1",2,12,"0","2","9"
"481","0",3,"0",9,46,"0","8","9"
"482","0",2,"0",29,0,"0","1","9"
"483","0",3,"0",50,8,"0","1","9"
"484","1",3,"1",63,9,"0","1","9"
"485","1",1,"0",25,91,"1","2","2"
"486","0",3,"1",24,25,"0","5","9"
"487","1",1,"1",35,90,"0","2","3"
"488","0",1,"0",58,29,"1","1","2"
"489","0",3,"0",30,8,"0","1","9"
"490","1",3,"0",9,15,"0","3","9"
"491","0",3,"0",24,19,"0","2","9"
"492","0",3,"0",21,7,"0","1","9"
"493","0",1,"0",55,30,"0","1","3"
"494","0",1,"0",71,49,"1","1","9"
"495","0",3,"0",21,8,"0","1","9"
"496","0",3,"0",24,14,"1","1","9"
"497","1",1,"1",54,78,"1","2","4"
"498","0",3,"0",24,15,"0","1","9"
"499","0",1,"1",25,151,"0","4","3"
"500","0",3,"0",24,7,"0","1","9"
"501","0",3,"0",17,8,"0","1","9"
"502","0",3,"1",21,7,"2","1","9"
"503","0",3,"1",24,7,"2","1","9"
"504","0",3,"1",37,9,"0","1","9"
"505","1",1,"1",16,86,"0","1","2"
"506","0",1,"0",18,108,"1","2","3"
"507","1",2,"1",33,26,"0","3","9"
"508","1",1,"0",37,26,"0","1","9"
"509","0",3,"0",28,22,"0","1","9"
"510","1",3,"0",26,56,"0","1","9"
"511","1",3,"0",29,7,"2","1","9"
"512","0",3,"0",24,8,"0","1","9"
"513","1",1,"0",36,26,"0","1","5"
"514","1",1,"1",54,59,"1","2","9"
"515","0",3,"0",24,7,"0","1","9"
"516","0",1,"0",47,34,"0","1","4"
"517","1",2,"1",34,10,"0","1","6"
"518","0",3,"0",24,24,"2","1","9"
"519","1",2,"1",36,26,"0","2","9"
"520","0",3,"0",32,7,"0","1","9"
"521","1",1,"1",30,93,"0","1","2"
"522","0",3,"0",22,7,"0","1","9"
"523","0",3,"0",24,7,"1","1","9"
"524","1",1,"1",44,57,"1","2","2"
"525","0",3,"0",24,7,"1","1","9"
"526","0",3,"0",40,7,"2","1","9"
"527","1",2,"1",50,10,"0","1","9"
"528","0",1,"0",37,221,"0","1","3"
"529","0",3,"0",39,7,"0","1","9"
"530","0",2,"0",23,11,"0","4","9"
"531","1",2,"1",2,26,"0","3","9"
"532","0",3,"0",24,7,"1","1","9"
"533","0",3,"0",17,7,"1","3","9"
"534","1",3,"1",24,22,"1","3","9"
"535","0",3,"1",30,8,"0","1","9"
"536","1",2,"1",7,26,"0","3","9"
"537","0",1,"0",45,26,"0","1","2"
"538","1",1,"1",30,106,"1","1","9"
"539","0",3,"0",24,14,"0","1","9"
"540","1",1,"1",22,49,"1","3","2"
"541","1",1,"1",36,71,"0","3","2"
"542","0",3,"1",9,31,"0","7","9"
"543","0",3,"1",11,31,"0","7","9"
"544","1",2,"0",32,26,"0","2","9"
"545","0",1,"0",50,106,"1","2","3"
"546","0",1,"0",64,26,"0","1","9"
"547","1",2,"1",19,26,"0","2","9"
"548","1",2,"0",29,13,"1","1","9"
"549","0",3,"0",33,20,"0","3","9"
"550","1",2,"0",8,36,"0","3","9"
"551","1",1,"0",17,110,"1","3","3"
"552","0",2,"0",27,26,"0","1","9"
"553","0",3,"0",24,7,"2","1","9"
"554","1",3,"0",22,7,"1","1","9"
"555","1",3,"1",22,7,"0","1","9"
"556","0",1,"0",62,26,"0","1","9"
"557","1",1,"1",48,39,"1","2","1"
"558","0",1,"0",37,227,"1","1","9"
"559","1",1,"1",39,79,"0","3","5"
"560","1",3,"1",36,17,"0","2","9"
"561","0",3,"0",24,7,"2","1","9"
"562","0",3,"0",40,7,"0","1","9"
"563","0",2,"0",28,13,"0","1","9"
"564","0",3,"0",24,8,"0","1","9"
"565","0",3,"1",24,8,"0","1","9"
"566","0",3,"0",24,24,"0","3","9"
"567","0",3,"0",19,7,"0","1","9"
"568","0",3,"1",29,21,"0","5","9"
"569","0",3,"0",24,7,"1","1","9"
"570","1",3,"0",32,7,"0","1","9"
"571","1",2,"0",62,10,"0","1","9"
"572","1",1,"1",53,51,"0","3","3"
"573","1",1,"0",36,26,"0","1","5"
"574","1",3,"1",24,7,"2","1","9"
"575","0",3,"0",16,8,"0","1","9"
"576","0",3,"0",19,14,"0","1","9"
"577","1",2,"1",34,13,"0","1","9"
"578","1",1,"1",39,55,"0","2","5"
"579","0",3,"1",24,14,"1","2","9"
"580","1",3,"0",32,7,"0","1","9"
"581","1",2,"1",25,30,"0","3","9"
"582","1",1,"1",39,110,"1","3","3"
"583","0",2,"0",54,26,"0","1","9"
"584","0",1,"0",36,40,"1","1","1"
"585","0",3,"0",24,8,"1","1","9"
"586","1",1,"1",18,79,"0","3","5"
"587","0",2,"0",47,15,"0","1","9"
"588","1",1,"0",60,79,"1","3","2"
"589","0",3,"0",22,8,"0","1","9"
"590","0",3,"0",24,8,"0","1","9"
"591","0",3,"0",35,7,"0","1","9"
"592","1",1,"1",52,78,"1","2","4"
"593","0",3,"0",47,7,"0","1","9"
"594","0",3,"1",24,7,"2","3","9"
"595","0",2,"0",37,26,"0","2","9"
"596","0",3,"0",36,24,"0","3","9"
"597","1",2,"1",29,33,"0","1","9"
"598","0",3,"0",49,0,"0","1","9"
"599","0",3,"0",24,7,"1","1","9"
"600","1",1,"0",49,56,"1","2","1"
"601","1",2,"1",24,27,"0","4","9"
"602","0",3,"0",24,7,"0","1","9"
"603","0",1,"0",37,42,"0","1","9"
"604","0",3,"0",44,8,"0","1","9"
"605","1",1,"0",35,26,"1","1","9"
"606","0",3,"0",36,15,"0","2","9"
"607","0",3,"0",30,7,"0","1","9"
"608","1",1,"0",27,30,"0","1","9"
"609","1",2,"1",22,41,"1","4","9"
"610","1",1,"1",40,153,"0","1","3"
"611","0",3,"1",39,31,"0","7","9"
"612","0",3,"0",24,7,"0","1","9"
"613","1",3,"1",24,15,"2","2","9"
"614","0",3,"0",24,7,"2","1","9"
"615","0",3,"0",35,8,"0","1","9"
"616","1",2,"1",24,65,"0","4","9"
"617","0",3,"0",34,14,"0","3","9"
"618","0",3,"1",26,16,"0","2","9"
"619","1",2,"1",4,39,"0","4","6"
"620","0",2,"0",26,10,"0","1","9"
"621","0",3,"0",27,14,"1","2","9"
"622","1",1,"0",42,52,"0","2","4"
"623","1",3,"0",20,15,"1","3","9"
"624","0",3,"0",21,7,"0","1","9"
"625","0",3,"0",21,16,"0","1","9"
"626","0",1,"0",61,32,"0","1","4"
"627","0",2,"0",57,12,"2","1","9"
"628","1",1,"1",21,77,"0","1","4"
"629","0",3,"0",26,7,"0","1","9"
"630","0",3,"0",24,7,"2","1","9"
"631","1",1,"0",80,30,"0","1","1"
"632","0",3,"0",51,7,"0","1","9"
"633","1",1,"0",32,30,"1","1","2"
"634","0",1,"0",37,0,"0","1","9"
"635","0",3,"1",9,27,"0","6","9"
"636","1",2,"1",28,13,"0","1","9"
"637","0",3,"0",32,7,"0","1","9"
"638","0",2,"0",31,26,"0","3","9"
"639","0",3,"1",41,39,"0","6","9"
"640","0",3,"0",24,16,"0","2","9"
"641","0",3,"0",20,7,"0","1","9"
"642","1",1,"1",24,69,"1","1","2"
"643","0",3,"1",2,27,"0","6","9"
"644","1",3,"0",24,56,"0","1","9"
"645","1",3,"1",0,19,"1","4","9"
"646","1",1,"0",48,76,"1","2","4"
"647","0",3,"0",19,7,"0","1","9"
"648","1",1,"0",56,35,"1","1","1"
"649","0",3,"0",24,7,"0","1","9"
"650","1",3,"1",23,7,"0","1","9"
"651","0",3,"0",24,7,"0","1","9"
"652","1",2,"1",18,23,"0","2","9"
"653","0",3,"0",21,8,"0","1","9"
"654","1",3,"1",24,7,"2","1","9"
"655","0",3,"1",18,6,"2","1","9"
"656","0",2,"0",24,73,"0","3","9"
"657","0",3,"0",24,7,"0","1","9"
"658","0",3,"1",32,15,"2","3","9"
"659","0",2,"0",23,13,"0","1","9"
"660","0",1,"0",58,113,"1","3","4"
"661","1",1,"0",50,133,"0","3","9"
"662","0",3,"0",40,7,"1","1","9"
"663","0",1,"0",47,25,"0","1","5"
"664","0",3,"0",36,7,"0","1","9"
"665","1",3,"0",20,7,"0","2","9"
"666","0",2,"0",32,73,"0","3","9"
"667","0",2,"0",25,13,"0","1","9"
"668","0",3,"0",24,7,"0","1","9"
"669","0",3,"0",43,8,"0","1","9"
"670","1",1,"1",37,52,"0","2","3"
"671","1",2,"1",40,39,"0","3","9"
"672","0",1,"0",31,52,"0","2","2"
"673","0",2,"0",70,10,"0","1","9"
"674","1",2,"0",31,13,"0","1","9"
"675","0",2,"0",29,0,"0","1","9"
"676","0",3,"0",18,7,"0","1","9"
"677","0",3,"0",24,8,"0","1","9"
"678","1",3,"1",18,9,"0","1","9"
"679","0",3,"1",43,46,"0","8","9"
"680","1",1,"0",36,512,"1","2","2"
"681","0",3,"1",24,8,"2","1","9"
"682","1",1,"0",27,76,"1","1","4"
"683","0",3,"0",20,9,"0","1","9"
"684","0",3,"0",14,46,"0","8","9"
"685","0",2,"0",60,39,"0","3","9"
"686","0",2,"0",25,41,"1","4","9"
"687","0",3,"0",14,39,"0","6","9"
"688","0",3,"0",19,10,"0","1","9"
"689","0",3,"0",18,7,"0","1","9"
"690","1",1,"1",15,211,"0","2","2"
"691","1",1,"0",31,57,"0","2","2"
"692","1",3,"1",4,13,"1","2","9"
"693","1",3,"0",24,56,"0","1","9"
"694","0",3,"0",25,7,"1","1","9"
"695","0",1,"0",60,26,"0","1","9"
"696","0",2,"0",52,13,"0","1","9"
"697","0",3,"0",44,8,"0","1","9"
"698","1",3,"1",24,7,"2","1","9"
"699","0",1,"0",49,110,"1","3","3"
"700","0",3,"0",42,7,"0","1","6"
"701","1",1,"1",18,227,"1","2","3"
"702","1",1,"0",35,26,"0","1","5"
"703","0",3,"1",18,14,"1","2","9"
"704","0",3,"0",25,7,"2","1","9"
"705","0",3,"0",26,7,"0","2","9"
"706","0",2,"0",39,26,"0","1","9"
"707","1",2,"1",45,13,"0","1","9"
"708","1",1,"0",42,26,"0","1","5"
"709","1",1,"1",22,151,"0","1","9"
"710","1",3,"0",24,15,"1","3","9"
"711","1",1,"1",24,49,"1","1","3"
"712","0",1,"0",37,26,"0","1","3"
"713","1",1,"0",48,52,"0","2","3"
"714","0",3,"0",29,9,"0","1","9"
"715","0",2,"0",52,13,"0","1","9"
"716","0",3,"0",19,7,"0","1","6"
"717","1",1,"1",38,227,"1","1","3"
"718","1",2,"1",27,10,"0","1","5"
"719","0",3,"0",24,15,"2","1","9"
"720","0",3,"0",33,7,"0","1","9"
"721","1",2,"1",6,33,"0","2","9"
"722","0",3,"0",17,7,"0","2","9"
"723","0",2,"0",34,13,"0","1","9"
"724","0",2,"0",50,13,"0","1","9"
"725","1",1,"0",27,53,"0","2","5"
"726","0",3,"0",20,8,"0","1","9"
"727","1",2,"1",30,21,"0","4","9"
"728","1",3,"1",24,7,"2","1","9"
"729","0",2,"0",25,26,"0","2","9"
"730","0",3,"1",25,7,"0","2","9"
"731","1",1,"1",29,211,"0","1","2"
"732","0",3,"0",11,18,"1","1","9"
"733","0",2,"0",29,0,"0","1","9"
"734","0",2,"0",23,13,"0","1","9"
"735","0",2,"0",23,13,"0","1","9"
"736","0",3,"0",28,16,"0","1","9"
"737","0",3,"1",48,34,"0","5","9"
"738","1",1,"0",35,512,"1","1","2"
"739","0",3,"0",24,7,"0","1","9"
"740","0",3,"0",24,7,"0","1","9"
"741","1",1,"0",37,30,"0","1","4"
"742","0",1,"0",36,78,"0","2","3"
"743","1",1,"1",21,262,"1","5","2"
"744","0",3,"0",24,16,"0","2","9"
"745","1",3,"0",31,7,"0","1","9"
"746","0",1,"0",70,71,"0","3","2"
"747","0",3,"0",16,20,"0","3","9"
"748","1",2,"1",30,13,"0","1","9"
"749","0",1,"0",19,53,"0","2","4"
"750","0",3,"0",31,7,"2","1","9"
"751","1",2,"1",4,23,"0","3","9"
"752","1",3,"0",6,12,"0","2","5"
"753","0",3,"0",33,9,"0","1","9"
"754","0",3,"0",23,7,"0","1","9"
"755","1",2,"1",48,65,"0","4","9"
"756","1",2,"0",0,14,"0","3","9"
"757","0",3,"0",28,7,"0","1","9"
"758","0",2,"0",18,11,"0","1","9"
"759","0",3,"0",34,8,"0","1","9"
"760","1",1,"1",33,86,"0","1","2"
"761","0",3,"0",24,14,"0","1","9"
"762","0",3,"0",41,7,"0","1","9"
"763","1",3,"0",20,7,"1","1","9"
"764","1",1,"1",36,120,"0","4","2"
"765","0",3,"0",16,7,"0","1","9"
"766","1",1,"1",51,77,"0","2","4"
"767","0",1,"0",37,39,"1","1","9"
"768","0",3,"1",30,7,"2","1","9"
"769","0",3,"0",24,24,"2","2","9"
"770","0",3,"0",32,8,"0","1","9"
"771","0",3,"0",24,9,"0","1","9"
"772","0",3,"0",48,7,"0","1","9"
"773","0",2,"1",57,10,"0","1","5"
"774","0",3,"0",24,7,"1","1","9"
"775","1",2,"1",54,23,"0","5","9"
"776","0",3,"0",18,7,"0","1","9"
"777","0",3,"0",24,7,"2","1","6"
"778","1",3,"1",5,12,"0","1","9"
"779","0",3,"0",24,7,"2","1","9"
"780","1",1,"1",43,211,"0","2","2"
"781","1",3,"1",13,7,"1","1","9"
"782","1",1,"1",17,57,"0","2","2"
"783","0",1,"0",29,30,"0","1","4"
"784","0",3,"0",24,23,"0","4","9"
"785","0",3,"0",25,7,"0","1","9"
"786","0",3,"0",25,7,"0","1","9"
"787","1",3,"1",18,7,"0","1","9"
"788","0",3,"0",8,29,"2","6","9"
"789","1",3,"0",1,20,"0","4","9"
"790","0",1,"0",46,79,"1","1","2"
"791","0",3,"0",24,7,"2","1","9"
"792","0",2,"0",16,26,"0","1","9"
"793","0",3,"1",24,69,"0","11","9"
"794","0",1,"0",37,30,"1","1","9"
"795","0",3,"0",25,7,"0","1","9"
"796","0",2,"0",39,13,"0","1","9"
"797","1",1,"1",49,25,"0","1","4"
"798","1",3,"1",31,8,"0","1","9"
"799","0",3,"0",30,7,"1","1","9"
"800","0",3,"1",30,24,"0","3","9"
"801","0",2,"0",34,13,"0","1","9"
"802","1",2,"1",31,26,"0","3","9"
"803","1",1,"0",11,120,"0","4","2"
"804","1",3,"0",0,8,"1","2","9"
"805","1",3,"0",27,6,"0","1","9"
"806","0",3,"0",31,7,"0","1","9"
"807","0",1,"0",39,0,"0","1","1"
"808","0",3,"1",18,7,"0","1","9"
"809","0",2,"0",39,13,"0","1","9"
"810","1",1,"1",33,53,"0","2","5"
"811","0",3,"0",26,7,"0","1","9"
"812","0",3,"0",39,24,"0","1","9"
"813","0",2,"0",35,10,"0","1","9"
"814","0",3,"1",6,31,"0","7","9"
"815","0",3,"0",30,8,"0","1","9"
"816","0",1,"0",37,0,"0","1","2"
"817","0",3,"1",23,7,"0","1","9"
"818","0",2,"0",31,37,"1","3","9"
"819","0",3,"0",43,6,"0","1","9"
"820","0",3,"0",10,27,"0","6","9"
"821","1",1,"1",52,93,"0","3","2"
"822","1",3,"0",27,8,"0","1","9"
"823","0",1,"0",38,0,"0","1","9"
"824","1",3,"1",27,12,"0","2","5"
"825","0",3,"0",2,39,"0","6","9"
"826","0",3,"0",24,6,"2","1","9"
"827","0",3,"0",24,56,"0","1","9"
"828","1",2,"0",1,37,"1","3","9"
"829","1",3,"0",24,7,"2","1","9"
"830","1",1,"1",62,80,"0","1","2"
"831","1",3,"1",15,14,"1","2","9"
"832","1",2,"0",0,18,"0","3","9"
"833","0",3,"0",24,7,"1","1","9"
"834","0",3,"0",23,7,"0","1","9"
"835","0",3,"0",18,8,"0","1","9"
"836","1",1,"1",39,83,"1","3","5"
"837","0",3,"0",21,8,"0","1","9"
"838","0",3,"0",24,8,"0","1","9"
"839","1",3,"0",32,56,"0","1","9"
"840","1",1,"0",37,29,"1","1","3"
"841","0",3,"0",20,7,"0","1","9"
"842","0",2,"0",16,10,"0","1","9"
"843","1",1,"1",30,31,"1","1","9"
"844","0",3,"0",34,6,"1","1","9"
"845","0",3,"0",17,8,"0","1","9"
"846","0",3,"0",42,7,"0","1","9"
"847","0",3,"0",24,69,"0","11","9"
"848","0",3,"0",35,7,"1","1","9"
"849","0",2,"0",28,33,"0","2","9"
"850","1",1,"1",37,89,"1","2","3"
"851","0",3,"0",4,31,"0","7","9"
"852","0",3,"0",74,7,"0","1","9"
"853","0",3,"1",9,15,"1","3","9"
"854","1",1,"1",16,39,"0","2","4"
"855","0",2,"1",44,26,"0","2","9"
"856","1",3,"1",18,9,"0","2","9"
"857","1",1,"1",45,164,"0","3","9"
"858","1",1,"0",51,26,"0","1","5"
"859","1",3,"1",24,19,"1","4","9"
"860","0",3,"0",24,7,"1","1","9"
"861","0",3,"0",41,14,"0","3","9"
"862","0",2,"0",21,11,"0","2","9"
"863","1",1,"1",48,25,"0","1","4"
"864","0",3,"1",24,69,"0","11","9"
"865","0",2,"0",24,13,"0","1","9"
"866","1",2,"1",42,13,"0","1","9"
"867","1",2,"1",27,13,"1","2","9"
"868","0",1,"0",31,50,"0","1","1"
"869","0",3,"0",24,9,"0","1","9"
"870","1",3,"0",4,11,"0","3","9"
"871","0",3,"0",26,7,"0","1","9"
"872","1",1,"1",47,52,"0","3","4"
"873","0",1,"0",33,5,"0","1","2"
"874","0",3,"0",47,9,"0","1","9"
"875","1",2,"1",28,24,"1","2","9"
"876","1",3,"1",15,7,"1","1","9"
"877","0",3,"0",20,9,"0","1","9"
"878","0",3,"0",19,7,"0","1","9"
"879","0",3,"0",24,7,"0","1","9"
"880","1",1,"1",56,83,"1","2","3"
"881","1",2,"1",25,26,"0","2","9"
"882","0",3,"0",33,7,"0","1","9"
"883","0",3,"1",22,10,"0","1","9"
"884","0",2,"0",28,10,"0","1","9"
"885","0",3,"0",25,7,"0","1","9"
"886","0",3,"1",39,29,"2","6","9"
"887","0",2,"0",27,13,"0","1","9"
"888","1",1,"1",19,30,"0","1","2"
"889","0",3,"1",24,23,"0","4","9"
"890","1",1,"0",26,30,"1","1","3"
"891","0",3,"0",32,7,"2","1","9"
